<?xml version="1.0" encoding="UTF-8"?>
<workflow-app xmlns="uri:oozie:workflow:0.2" name="CDW_SAPP">
 <start to="sqoop-node"/>
 <action name="sqoop-node"> <!--node name-->
 <sqoop xmlns="uri:oozie:sqoop-action:0.2">
 <job-tracker>${jobTracker}</job-tracker> <!--job tracking node is http://sandbox.hortonwor
ks.com:8050 which is define in job properties-->
 <name-node>${nameNode}</name-node> <!--name node is http://sandbox.hortonworks.com:8020 whi
ch is defined in job properties-->
 <prepare>
 <delete path="${nameNode}/user/maria_dev/CDW_SAPPCC"/>
  <delete path="${nameNode}/user/maria_dev/CDW_SAPP2"/>
  <delete path="${nameNode}/user/maria_dev/CDW_SAPP3"/>
   <delete path="${nameNode}/user/maria_dev/CDW_SAPP4"/>
 </prepare>
 <configuration>
 <property>
 <name>mapred.job.queue.name</name>
 <value>${queueName}</value>
 </property>
 </configuration>
<command>sqoop import --connect jdbc:mysql://localhost/CDW_SAPP --driver com.mysql.jdbc.Driver --username root --password password --query 
'SELECT TRANSACTION_ID, DAY, MONTH, YEAR, CREDIT_CARD_NO, CUST_SSN, BRANCH_CODE, TRANSACTION_TYPE, TRANSACTION_VALUE FROM CDW_SAPP_CREDITCARD WHERE $CONDITIONS' 
--split-by TRANSACTION_ID --target-dir /user/maria_dev/CDW_SAPPCC </command> 

<command>sqoop import --connect jdbc:mysql://localhost/CDW_SAPP --driver com.mysql.jdbc.Driver --username root --password password --query 
'SELECT BRANCH_CODE, BRANCH_NAME, BRANCH_STREET, BRANCH_CITY, BRANCH_STATE, BRANCH_ZIP, BRANCH_PHONE FROM CDW_SAPP_BRANCH WHERE $CONDITIONS'
 --split-by BRANCH_CODE --target-dir /user/maria_dev/CDW_SAPP2 </command> 

<command>sqoop import --connect jdbc:mysql://localhost/CDW_SAPP --driver com.mysql.jdbc.Driver --username root --password password --query 
'SELECT FIRST_NAME, MIDDLE_NAME, LAST_NAME, SSN, CREDIT_CARD_NO, APT_NO, STREET_NAME, CUST_CITY, CUST_STATE, CUST_COUNTRY, CUST_ZIP, CUST_PHONE, CUST_EMAIL FROM CDW_SAPP_CUSTOMER WHERE $CONDITIONS' 
--split-by BRANCH_CODE --target-dir /user/maria_dev/CDW_SAPP3 </command> 

<command>sqoop import --connect jdbc:mysql://localhost/CDW_SAPP --driver com.mysql.jdbc.Driver --username root --password password --query 
"SELECT DATE_FORMAT(STR_TO_DATE(CONCAT(YEAR, LPAD(MONTH , 2, '0' ) , LPAD(DAY , 2, '0' ) ), '%Y%m%d' ) , '%Y%m%d') AS TIMEID, DAY, MONTH, QUARTER( STR_TO_DATE(CONCAT(YEAR, LPAD(MONTH , 2, '0' ) , LPAD(DAY , 2, '0' ) ), '%Y%m%d' )) AS QUARTER, YEAR FROM CDW_SAPP_CREDITCARD WHERE \$CONDITIONS" -m 1 
--target-dir /user/maria_dev/CDW_SAPP4
</command> 
<!-- get data from mysql using sqoop and store data at /user/maria_dev/CDW_SAPP directories -->
 </sqoop>
 <ok to="hive-node"/> <!-- if everything is ok then go to hive node -->
 <error to="fail"/>
  </action>
 <action name="hive-node">
 <hive xmlns="uri:oozie:hive-action:0.2">
 <job-tracker>${jobTracker}</job-tracker>
 <name-node>${nameNode}</name-node>
 <prepare>
  <!--delete path="${nameNode}/user/maria_dev/oldmovies"/ --> <!--if oldmovies directory is present in hadoop then this line will delete oldmovies directory because when oldmovies.sql file is run, 
this directry will be created again for new dataset -->
 </prepare>
  <configuration>
 <property>
 <name>mapred.job.queue.name</name>
 <value>${queueName}</value>
 </property>
 </configuration>
  <script> /user/maria_dev/HIVE_OOZIE_061518.sql </script>
  </hive>
  <ok to="end"/>
 <error to="fail"/>
 </action>
 <kill name="fail">
 <message>Sqoop failed, error message[${wf:errorMessage(wf:lastErrorNode())}]</message>
 </kill>
 <end name="end"/>
</workflow-app>

